name,dob,phone,address
Suki Spadotto,1975-08-18,407-692-9638,"48 Tennyson Court, Orlando, FL"
Fergus Marrion,1939-03-17,909-501-3430,"159 Fairfield Avenue, San Bernardino, CA"
Nikaniki Dmitrichenko,1966-04-27,317-251-6259,"18 Blackbird Place, Indianapolis, IN"
Melvyn Beadham,1998-12-13,318-204-1263,"715 East Lane, Boston, MA"
Caroline Ondricek,1999-09-07,864-578-7479,"5146 Farwell Parkway, Greenville, SC"
Giffie Batters,1976-02-23,540-325-2241,"617 Lerdahl Place, Roanoke, VA"
Sheree Pancast,1985-01-04,919-155-5714,"680 Bowman Plaza, Raleigh, NC"
Granger Tomisch,1953-09-14,763-960-3620,"6 Westridge Place, Monticello, MN"
Wanids Adamolli,1941-03-02,309-301-7933,"1446 Roth Avenue, Bloomington, IL"
Donnie DeSousa,1971-10-02,480-137-5566,"4 Declaration Court, Scottsdale, AZ"
Modestine Welchman,1995-04-30,763-276-2257,"8272 Cottonwood Park, Maple Plain, MN"
Demetris Stoyell,1950-08-22,615-906-1265,"6594 Sage Center, Nashville, TN"
Agnese Ettels,1941-08-27,609-541-4504,"9691 School Road, Trenton, NJ"
Tabitha Caldeyroux,1957-10-03,704-208-1130,"029 Bunting Pass, Charlotte, NC"
Alanah Mesnard,1962-11-19,501-428-0315,"7599 Talisman Alley, North Little Rock, AR"
Shep Ainscow,1977-04-16,772-931-8575,"442 Leroy Junction, Fort Pierce, FL"
Carlie Peel,1969-04-15,713-694-9910,"14 Nelson Lane, Houston, TX"
Rex Lydster,1945-02-20,307-590-2279,"7 Starling Point, Cheyenne, WY"
Sella Lees,1955-11-29,806-736-1878,"0634 Darwin Park, Amarillo, TX"
Mariana Matignon,1969-04-25,513-261-3613,"7 Bobwhite Road, Cincinnati, OH"
Rayna Manilow,1959-12-15,864-224-0100,"2175 East Street, Greenville, SC"
Sallie Callam,1974-10-26,202-798-0888,"59 Drewry Park, Washington, DC"
Yorgo Cluet,1974-01-21,785-647-4200,"75 Summit Terrace, Topeka, KS"
Ainslee Adney,2001-02-24,619-147-0391,"4 Claremont Road, San Diego, CA"
Karney Linneman,1974-01-23,901-685-1372,"09011 Dahle Alley, Memphis, TN"
Julina Garlinge,1993-09-10,916-306-4700,"13062 Brown Junction, Sacramento, CA"
Loren Halfhead,1947-01-11,706-312-7364,"13071 Haas Hill, Athens, GA"
Hilly Checo,1973-04-27,312-350-9428,"574 Darwin Avenue, Chicago, IL"
Cori Bransby,1958-02-12,605-494-9385,"7 Eliot Way, Sioux Falls, SD"
Rey Van de Velde,1981-12-31,213-942-2425,"137 Dahle Junction, Los Angeles, CA"
Con Lief,1978-07-07,571-827-2087,"79309 Grover Junction, Alexandria, VA"
Cassy Christy,1992-02-10,978-787-6839,"4829 Old Gate Junction, Cambridge, MA"
Lind O' Loughran,1987-01-27,661-875-5319,"3362 Towne Parkway, Bakersfield, CA"
Genevieve Spain-Gower,1995-09-23,251-596-1381,"85605 Westerfield Trail, Mobile, AL"
Bren Wakes,1981-08-03,515-605-3073,"3 Garrison Terrace, Des Moines, IA"
Cate Scanlan,1943-04-08,316-669-2103,"9 Maywood Center, Wichita, KS"
Bibbie Lynagh,1985-07-26,530-833-6992,"55 Kensington Parkway, Chico, CA"
Rowland Boribal,1948-06-23,321-744-0669,"8 Lakewood Gardens Park, Orlando, FL"
Latrina Shields,1948-07-28,817-619-3250,"94751 Tennyson Road, Arlington, TX"
Terrye Cappleman,1999-01-20,251-681-1819,"16124 Hanson Avenue, Mobile, AL"
Price Ballchin,1963-07-17,404-326-2884,"2242 Nancy Street, Atlanta, GA"
Worthington Betz,1996-08-05,202-929-5777,"66 Lyons Park, Washington, DC"
Marena Bloys,1957-11-28,225-619-5403,"73452 Warner Court, Baton Rouge, LA"
Beryl Girk,1995-07-21,405-127-2218,"04 Bayside Street, Norman, OK"
Viviana Fahy,1960-08-01,215-705-5961,"17 Eastwood Circle, Philadelphia, PA"
Frankie Dominicacci,1945-12-28,941-515-1149,"6 Rieder Trail, Port Charlotte, FL"
Cleopatra Keers,1952-09-04,404-403-2556,"75324 Derek Lane, Atlanta, GA"
Giavani Sherwood,1951-07-12,540-102-7156,"9 Cody Alley, Roanoke, VA"
Mae Leeds,2002-11-14,713-858-5608,"98094 Carpenter Street, Houston, TX"
Ardisj Reburn,1983-04-11,516-509-2338,"9682 Holy Cross Hill, Port Washington, NY"
Georgi Plummer,1962-07-29,504-962-9262,"9 2nd Center, New Orleans, LA"
Des Waldocke,1957-05-09,281-942-0128,"33149 Fulton Hill, Galveston, TX"
Nerti Boules,2000-08-16,571-770-7444,"0314 Delladonna Lane, Sterling, VA"
Hunfredo Whetson,1942-04-29,513-631-0859,"5 Riverside Court, Cincinnati, OH"
Marjorie Cremin,1977-08-05,540-306-6059,"0171 Duke Trail, Roanoke, VA"
Emilia Leupold,2001-12-14,865-381-1683,"7 Melby Street, Knoxville, TN"
Caroline Kenealy,2001-06-24,502-744-0302,"0388 Gulseth Road, Louisville, KY"
Erny Gallandre,1992-05-21,901-367-9320,"91 Dovetail Crossing, Memphis, TN"
Dorie Quye,1948-10-05,205-582-2428,"7226 Utah Pass, Birmingham, AL"
Missy Danis,1984-10-23,909-845-0632,"51795 Corscot Park, Riverside, CA"
Skipper Mill,1989-09-08,571-850-9089,"01 Sauthoff Way, Reston, VA"
Brietta Iacobucci,1977-03-29,773-709-7449,"1 Comanche Junction, Chicago, IL"
Jesse Lownes,1957-01-18,903-144-1427,"86152 Johnson Circle, Tyler, TX"
Kingsly Minichillo,1967-03-07,832-982-1349,"39874 Dawn Avenue, Houston, TX"
Cory Doldon,1973-08-01,720-583-7855,"377 Tomscot Circle, Denver, CO"
Alicea Coggan,1958-06-23,202-578-6771,"506 Golf Course Circle, Washington, DC"
Drusilla Losemann,1980-11-27,608-629-9368,"3712 Dunning Junction, Madison, WI"
Krissy MacAirt,1976-11-25,202-685-8650,"1 Maywood Street, Washington, DC"
Enriqueta Sopper,1997-02-16,785-271-9117,"49 Meadow Vale Drive, Topeka, KS"
Shawna Ilive,1939-04-19,603-363-7532,"4445 Sugar Center, Portsmouth, NH"
Derrick Hollow,1976-04-02,312-917-2424,"7070 Bartelt Center, Chicago, IL"
Esta Uphill,1997-01-28,801-454-4010,"5 Pawling Crossing, Salt Lake City, UT"
Roth Laurentin,1957-03-24,256-212-5736,"82 Declaration Drive, Huntsville, AL"
Sile Mattedi,1980-11-08,502-456-9819,"0167 Lakewood Gardens Park, Louisville, KY"
Barnabas L' Estrange,2005-10-10,504-671-5044,"6590 Brickson Park Circle, New Orleans, LA"
Lance Hansed,1953-10-27,205-679-7231,"4939 Ilene Avenue, Birmingham, AL"
Kare Donwell,1939-10-01,325-258-6118,"5034 Parkside Circle, San Angelo, TX"
Aime MacMakin,1984-10-04,831-553-6599,"002 Reindahl Hill, Santa Clara, CA"
Ryon De Bruyn,1981-03-07,646-970-4273,"02335 8th Junction, New York City, NY"
Zena Cayle,1953-08-01,202-991-2375,"3371 Orin Center, Washington, DC"
Candie Minocchi,1973-09-08,512-971-0537,"652 Farmco Place, Austin, TX"
Bride Dineen,1991-06-24,318-624-0064,"903 Karstens Trail, Shreveport, LA"
Queenie Macallam,1944-12-18,813-886-2046,"57306 Pine View Park, Tampa, FL"
Georas Hallford,1978-03-12,303-400-5072,"3 Fieldstone Way, Boulder, CO"
Jessey Yateman,2002-10-06,719-168-2098,"85 Clemons Place, Colorado Springs, CO"
Zack Plessing,1971-05-23,619-189-2313,"59816 American Ash Lane, Chula Vista, CA"
Cleveland Maggs,1979-03-02,573-292-4957,"552 Shelley Parkway, Columbia, MO"
Reine Khrishtafovich,1939-04-05,714-144-2370,"34083 Canary Plaza, Anaheim, CA"
Marve Lugsdin,1966-02-03,616-243-8879,"269 Continental Hill, Grand Rapids, MI"
Aurlie Broomfield,1941-12-02,559-710-2895,"9 Maple Way, Fresno, CA"
Artur Fiennes,1965-08-27,904-222-7831,"3258 Barby Avenue, Saint Augustine, FL"
Fania Robillard,1992-12-12,919-153-9216,"1917 Gulseth Drive, Raleigh, NC"
Mordecai Lune,1998-09-24,917-470-2297,"2 Novick Plaza, New York City, NY"
Persis Napper,1962-07-01,952-303-9051,"5 Goodland Crossing, Young America, MN"
Thayne Brunicke,1941-07-06,801-387-3287,"78 Lighthouse Bay Plaza, Salt Lake City, UT"
Jesus McCumesky,1966-09-26,410-263-9122,"77 Mayer Junction, Silver Spring, MD"
Mathilda Dittson,1994-03-11,203-672-1747,"9 Mifflin Park, Waterbury, CT"
Cordey Moles,1957-12-28,202-417-9681,"3 Dahle Way, Washington, DC"
Tine Egell,1983-09-07,202-806-9673,"0 6th Junction, Washington, DC"
Bancroft Chardin,1986-03-14,785-315-3255,"4 John Wall Center, Topeka, KS"
Taddeusz Sictornes,1967-06-13,713-136-7665,"2447 Briar Crest Junction, Houston, TX"
Valentijn Scullion,1967-10-28,615-642-1658,"6 Manufacturers Plaza, Nashville, TN"
Horatio Mizzen,2004-06-18,215-182-7882,"7 Donald Park, Philadelphia, PA"
Jeannette Thompson,1971-09-03,702-814-7821,"71 Colorado Trail, Las Vegas, NV"
Elysee Ravelus,1977-07-06,503-336-2772,"16690 Weeping Birch Terrace, Portland, OR"
Danyelle Giocannoni,1962-10-21,254-549-3184,"74 Debra Avenue, Waco, TX"
Kimble Danieli,1991-01-10,505-312-6025,"63 Linden Parkway, Albuquerque, NM"
Byram Lichfield,1995-05-03,503-456-6949,"453 Waxwing Hill, Salem, OR"
Emory Teulier,1995-12-04,937-494-2066,"08 Butternut Hill, Dayton, OH"
Theda Herity,1970-07-25,727-750-3972,"774 American Ash Plaza, Clearwater, FL"
Darryl Axup,1986-08-24,269-656-5180,"8 Riverside Avenue, Battle Creek, MI"
Farlay Salvage,1983-07-27,405-448-8917,"179 Prentice Parkway, Oklahoma City, OK"
Kelsy Bartlam,1961-06-16,915-993-9550,"86 Washington Trail, El Paso, TX"
Archer Taylo,1955-07-27,607-100-3189,"27107 Glendale Pass, Elmira, NY"
Jeannine Persence,1997-07-20,212-472-6259,"87 Golf Point, New York City, NY"
Reba Semkins,1951-07-19,920-818-7603,"720 7th Junction, Milwaukee, WI"
Guglielma Bairstow,1994-11-11,914-927-6680,"3654 Stuart Pass, White Plains, NY"
Carl Challis,1966-10-24,205-511-2576,"23324 Ridge Oak Trail, Birmingham, AL"
Clotilda Casserley,1987-06-04,661-597-3971,"249 Elmside Drive, Bakersfield, CA"
Zedekiah Oki,1945-03-17,281-622-3196,"2 Saint Paul Trail, Houston, TX"
Malinde Bletcher,1971-06-26,814-208-1166,"92 Oakridge Avenue, Erie, PA"
Bevan Tubridy,1957-10-31,309-498-9949,"1 Sherman Point, Peoria, IL"
Lorena Karsh,1983-10-21,512-339-7472,"4723 Meadow Valley Hill, Austin, TX"
Ruddy Prestedge,1991-04-03,618-872-1839,"708 Del Sol Avenue, East Saint Louis, IL"
Joscelin Rewcastle,1980-07-08,574-482-7106,"9 Meadow Ridge Point, South Bend, IN"
Diahann Maudling,1955-06-30,909-599-8168,"97 Kinsman Way, San Bernardino, CA"
Dani Lammers,1986-01-29,407-845-7194,"26 Karstens Plaza, Orlando, FL"
Petunia Lewty,1960-10-30,781-946-6607,"3 Moland Trail, Boston, MA"
Nicoli Hartwell,1981-06-10,828-221-1286,"1 Maryland Alley, Asheville, NC"
Archaimbaud Rakestraw,1976-07-29,303-582-6287,"45 Summerview Pass, Denver, CO"
Jaquenette Crunkhurn,1946-11-06,334-331-8059,"87 Towne Point, Montgomery, AL"
Fifi Dash,1985-02-22,619-496-0301,"2922 Merry Plaza, San Diego, CA"
Cathe Terrazzo,1983-07-29,910-777-4062,"2 Texas Plaza, Wilmington, NC"
Sabina Petrelli,1985-03-23,617-346-3526,"48 Harbort Plaza, Boston, MA"
Putnam Harring,1998-04-12,786-195-4921,"55615 Grover Trail, Miami, FL"
Nancy Lovemore,1955-02-22,423-644-2988,"91491 Scoville Circle, Chattanooga, TN"
Andie Dewar,1947-06-16,816-673-6174,"13407 Eagle Crest Trail, Kansas City, MO"
Corrine Karpinski,1952-02-18,330-267-6881,"5 Lotheville Lane, Canton, OH"
Elisabet Wakeling,1982-01-20,504-280-6890,"42038 Meadow Vale Center, New Orleans, LA"
Alberto Snibson,1965-04-18,304-131-2108,"61432 Lerdahl Pass, Charleston, WV"
Melisande Daniely,1982-04-15,915-242-0373,"2035 Prentice Road, El Paso, TX"
Warden Douglas,1973-06-09,913-467-3822,"41722 Thackeray Trail, Kansas City, KS"
Hope Anglin,1957-09-24,352-562-4793,"0727 Kensington Trail, Gainesville, FL"
Ashly Torns,1950-08-17,816-285-4571,"952 Golden Leaf Circle, Kansas City, MO"
Amelia Marlowe,1987-07-02,609-342-2684,"8 Harbort Avenue, Trenton, NJ"
Boonie Boast,1984-02-23,770-349-7364,"5 Fulton Circle, Atlanta, GA"
Lonnie Collishaw,1998-01-07,907-428-2817,"6421 Sommers Circle, Anchorage, AK"
Keefe Pople,1958-08-15,225-419-3690,"1 Rowland Alley, Baton Rouge, LA"
Hilario Schruyers,1950-05-11,918-167-9028,"107 Fairview Trail, Tulsa, OK"
Brandy Rodrig,1988-02-17,225-868-7949,"8 Crest Line Road, Baton Rouge, LA"
Laurie Rolfi,1972-09-20,214-149-0395,"3 Utah Junction, Arlington, TX"
Stephanie Plan,1948-02-25,202-585-4530,"4 Kensington Lane, Washington, DC"
Edouard Roof,1971-01-21,914-503-2154,"287 Arkansas Hill, Yonkers, NY"
Mab Denyagin,2000-09-12,513-654-8776,"503 Dorton Drive, Cincinnati, OH"
Anet Hinkens,1986-02-10,806-317-7517,"90 Lunder Street, Lubbock, TX"
Nanny Kearford,1961-09-15,336-982-0629,"31 Corry Crossing, Winston Salem, NC"
Midge Stiles,1983-10-13,404-650-2878,"6 Butterfield Avenue, Atlanta, GA"
Tiffie Welbrock,1947-07-19,909-797-2574,"6965 Eastwood Way, Pomona, CA"
Dory Paintain,1943-02-04,636-785-7359,"5422 Gale Plaza, Saint Louis, MO"
Mab O'Flaverty,1951-02-10,209-751-4420,"57 Superior Crossing, Modesto, CA"
Ranice Tylor,1939-11-17,215-432-1665,"47 Lake View Park, Philadelphia, PA"
Leann Brandacci,1998-12-31,915-606-4392,"233 Steensland Junction, El Paso, TX"
Amalia Fordyce,1959-07-06,912-346-8487,"64663 Oriole Way, Savannah, GA"
Arlee Leal,1972-04-02,916-276-6522,"80433 Clyde Gallagher Plaza, Sacramento, CA"
Kassia Filchakov,1968-08-26,917-579-7166,"93580 Green Street, Brooklyn, NY"
Inglis Vaughan,1982-08-25,512-384-7160,"4 Oak Valley Parkway, Austin, TX"
Amitie Glasscott,1946-04-24,203-115-4794,"78 Springview Trail, Norwalk, CT"
Arabele Ruffli,1955-03-13,412-627-1480,"22 Ilene Plaza, Pittsburgh, PA"
Martin O'Kielt,1947-11-22,704-604-9359,"4 Roth Crossing, Charlotte, NC"
Myrtice Nawton,1964-06-12,916-978-9428,"12302 Duke Lane, Sacramento, CA"
Phineas Duddin,1989-01-03,804-106-2803,"6 Del Sol Hill, Richmond, VA"
Dorella Marfe,2000-11-02,281-146-7021,"64383 Fulton Court, Houston, TX"
Myrwyn Haily,1996-10-03,206-120-6957,"0 Clyde Gallagher Circle, Bellevue, WA"
Alick Chaperlin,1997-05-27,678-332-0336,"2 Montana Court, Duluth, GA"
Cassi Shepheard,2004-04-18,513-595-8864,"6 Valley Edge Parkway, Cincinnati, OH"
Donaugh Furmston,1998-12-10,516-983-5203,"0185 Union Road, Jamaica, NY"
Terrance Blemings,1950-10-08,719-975-3541,"557 Dayton Circle, Colorado Springs, CO"
Ashby Hammer,1956-08-02,859-184-8202,"711 Carberry Way, Lexington, KY"
Marilee Hatley,1988-11-23,208-912-0263,"3 Farwell Terrace, Boise, ID"
Laura Le Hucquet,1971-02-28,202-437-7231,"5808 Trailsway Court, Washington, DC"
Maryrose Ivashechkin,1947-06-25,559-592-0415,"7 Aberg Alley, Fresno, CA"
Cathleen Gierhard,1991-08-21,352-661-6505,"1069 Blaine Lane, Ocala, FL"
Reyna Wieprecht,1954-03-24,702-710-3814,"148 Mcguire Pass, Las Vegas, NV"
Eva Ceeley,1977-10-19,786-617-6991,"38 Washington Place, Hialeah, FL"
Faustina Hanton,2005-10-22,661-501-9395,"23603 Swallow Place, Palmdale, CA"
Genna Grundon,1991-12-28,304-168-3434,"3 Northfield Hill, Charleston, WV"
Noble Salmond,1994-01-06,719-223-3348,"87181 East Road, Colorado Springs, CO"
Jobyna Warratt,1985-12-28,305-671-7373,"02 Texas Trail, Miami, FL"
Laurianne Devennie,1963-08-14,407-870-0267,"836 Wayridge Center, Daytona Beach, FL"
Andeee Cumber,1990-09-08,407-902-5883,"5 Hovde Alley, Orlando, FL"
Nat Malthouse,1961-03-11,404-973-3225,"3352 Erie Terrace, Atlanta, GA"
Raynor Wraight,1990-06-18,516-842-4730,"3928 Sommers Street, Hicksville, NY"
Vanessa Rolland,1956-03-15,865-332-1165,"12471 Meadow Valley Hill, Knoxville, TN"
Austine Emlen,1983-06-17,661-490-4450,"7 Pearson Avenue, Bakersfield, CA"
Sloane Middis,1951-09-28,352-838-8240,"083 Fulton Plaza, Ocala, FL"
Madge Calveley,1952-12-06,254-975-8010,"40553 Straubel Pass, Temple, TX"
Bogart Pratty,1952-01-31,602-633-1320,"02 Killdeer Parkway, Phoenix, AZ"
Kristin Berthe,1973-01-12,214-503-1461,"782 Rigney Hill, Dallas, TX"
Teador Ruggen,1943-06-16,801-365-0436,"44 Corscot Junction, Salt Lake City, UT"
Haleigh Leddy,2001-03-07,602-110-4995,"0145 Quincy Lane, Phoenix, AZ"
Tildy Scinelli,1943-01-24,248-238-8165,"0 Laurel Lane, Detroit, MI"
Eryn McEvilly,2003-10-25,813-678-1222,"4 Green Ridge Trail, Saint Petersburg, FL"
Angy Swaffer,1955-10-08,202-582-2169,"61 1st Avenue, Washington, DC"
Cesare Shevlane,1943-06-05,419-840-0418,"0616 Arrowood Crossing, Lima, OH"
Emanuel Kleeborn,1963-06-13,217-725-5953,"26000 Tennyson Place, Springfield, IL"
Aubrey Ivkovic,1953-01-11,917-407-9870,"68 Bobwhite Street, Brooklyn, NY"
Henri Eakle,1992-06-04,571-874-1897,"343 Vera Alley, Arlington, VA"
Erie Seeborne,1997-02-19,315-947-5867,"3 Grasskamp Crossing, Syracuse, NY"
Fletcher Bool,1987-03-04,918-855-1934,"66174 Meadow Ridge Place, Tulsa, OK"
Ciel Stenbridge,1977-10-27,515-331-6057,"39569 Glendale Alley, Des Moines, IA"
Sonny Vaissiere,1968-06-05,763-564-0799,"19 Derek Circle, Monticello, MN"
Beauregard Gilders,1958-08-05,859-170-4366,"5754 Nancy Street, Lexington, KY"
Alisun Sibbald,1961-03-21,704-148-2300,"43498 Pine View Parkway, Charlotte, NC"
Bowie O'Fairy,1944-11-06,770-222-4694,"30 Weeping Birch Point, Atlanta, GA"
Vere Conville,1959-12-23,337-762-4756,"57759 Northview Road, Lafayette, LA"
Yoko McLachlan,1998-11-23,615-471-8009,"0 Independence Junction, Nashville, TN"
Quintana Swalough,2002-09-06,614-615-6498,"6 Stephen Place, Columbus, OH"
Arne Heinonen,2002-11-18,309-582-4031,"907 Green Parkway, Peoria, IL"
Prudy Doley,1964-07-31,469-969-1588,"5161 Kipling Lane, Dallas, TX"
Wendall Burbudge,1996-06-21,516-928-4901,"44001 Meadow Valley Alley, Hicksville, NY"
Con Clough,1976-01-24,305-166-7061,"94183 Leroy Avenue, Naples, FL"
Kendricks Desson,1950-07-29,315-444-1598,"4034 Dennis Crossing, Rochester, NY"
Halley Jendricke,1960-10-11,915-947-2877,"21596 Clyde Gallagher Trail, El Paso, TX"
Erroll Pollack,1969-06-27,573-928-6444,"19 Canary Trail, Jefferson City, MO"
Melisande Stollsteimer,1983-01-22,202-806-4536,"84586 Pond Plaza, Washington, DC"
Sara-ann Bothram,1984-10-04,646-243-0041,"99360 Swallow Junction, New York City, NY"
Vivien Laffranconi,1991-01-29,404-404-0974,"0068 Northport Place, Atlanta, GA"
Dot Josefson,1967-01-22,912-136-6127,"18 Swallow Avenue, Macon, GA"
Harold Speachley,1969-07-13,206-498-6296,"0991 Stoughton Drive, Seattle, WA"
Elnar Fantonetti,2002-02-10,516-561-7232,"26 Tennyson Place, Hicksville, NY"
Jamison Ivanovic,1973-05-29,785-444-3364,"46 Graedel Terrace, Topeka, KS"
Mitchel Soppeth,1951-03-21,517-608-1246,"450 Coolidge Court, Lansing, MI"
Halli Castanaga,1967-02-01,913-331-4707,"89533 Lunder Street, Kansas City, KS"
Mandy Boughtwood,1964-06-18,775-136-8776,"118 Talmadge Trail, Carson City, NV"
Petrina Justham,1941-08-27,971-559-9625,"8 Amoth Center, Portland, OR"
Boone Matyushkin,1963-08-22,562-762-7805,"19979 Saint Paul Way, Long Beach, CA"
Reinold Pipet,1961-09-11,818-836-0465,"06 Nova Street, Torrance, CA"
Hilliary Lough,1957-01-12,915-948-7334,"2556 Stuart Plaza, El Paso, TX"
Ewan Barratt,1978-07-09,559-395-1407,"4904 Armistice Drive, Fresno, CA"
Gar Howman,1961-05-24,719-772-1976,"4 Memorial Terrace, Denver, CO"
Emily Curtayne,1977-09-05,425-324-8255,"572 Lake View Park, Everett, WA"
Inesita Barrim,1996-07-03,361-303-7882,"7031 Redwing Place, Corpus Christi, TX"
Gallagher Caress,2001-07-13,202-144-2187,"11525 Atwood Crossing, Washington, DC"
Hedvige Walwood,2002-07-29,302-450-0635,"75 Village Circle, Wilmington, DE"
Tamqrah Paolillo,1959-01-18,937-539-1944,"4 Moose Drive, Dayton, OH"
Colas Eager,1963-05-11,202-716-4015,"380 Caliangt Alley, Washington, DC"
Emmery Sine,1948-04-28,973-509-2398,"96 Riverside Circle, Paterson, NJ"
Tallia Gellion,1994-12-24,831-848-5608,"996 Anzinger Lane, Santa Cruz, CA"
Belvia MacTurlough,1970-08-16,917-192-4039,"7021 Becker Drive, New York City, NY"
Timofei Gronow,1972-06-27,347-307-1828,"19014 Dottie Parkway, Brooklyn, NY"
Carolyne Millichap,1948-01-20,406-367-4242,"678 Sunfield Drive, Bozeman, MT"
Bryant Clery,1979-05-14,215-227-8252,"20 La Follette Alley, Philadelphia, PA"
Cord Djekovic,1959-06-13,812-416-4645,"4 International Hill, Evansville, IN"
Buddy Dudney,1995-01-14,912-256-6484,"9365 Oriole Crossing, Macon, GA"
Calv Medgewick,1945-01-10,727-436-9518,"75 Mallard Center, Bradenton, FL"
Morganne Millom,1939-06-04,804-916-8806,"7100 Fordem Terrace, Richmond, VA"
Catina Brettle,1983-10-04,503-697-6390,"32 Doe Crossing Road, Portland, OR"
Jobye Siggers,1986-05-01,520-427-1330,"960 Mayfield Park, Tucson, AZ"
Ferd Brattell,1942-07-22,617-259-1503,"678 Derek Hill, Boston, MA"
Aurlie Walklett,1990-09-11,214-993-7904,"753 Lakewood Terrace, Dallas, TX"
Ilysa Krysztofiak,1991-08-23,510-982-1925,"7400 Crowley Point, Berkeley, CA"
Elvis Dunkerley,1984-10-14,212-164-7189,"02181 Summer Ridge Alley, New York City, NY"
Demetri Montilla,2002-01-25,601-514-1506,"21 Pierstorff Trail, Jackson, MS"
Ketty Adnam,1962-04-27,661-251-0051,"9 Lerdahl Crossing, Bakersfield, CA"
Marta Cust,1984-03-01,909-914-0751,"4 Oneill Court, San Bernardino, CA"
Ingra Iannelli,1988-10-19,330-776-7537,"8844 Basil Drive, Canton, OH"
Yoshi Rattrie,2000-08-30,334-254-0264,"44 Crescent Oaks Street, Montgomery, AL"
Miguelita Kramer,1951-10-13,901-816-2585,"84067 Melby Parkway, Memphis, TN"
Maure Palin,1990-01-24,254-524-7289,"8362 Carioca Circle, Waco, TX"
Tammi Cracknall,1999-04-26,253-909-7225,"02854 Kenwood Point, Lakewood, WA"
Marthena Mallatratt,1970-05-03,210-816-0842,"954 Becker Terrace, San Antonio, TX"
Delly McCue,1984-08-27,850-970-8984,"688 Fair Oaks Court, Panama City, FL"
Austin Davydoch,1989-02-13,843-413-5630,"82 Meadow Ridge Junction, Beaufort, SC"
Vaughan Gravenall,1940-06-16,786-250-9888,"68152 Kennedy Hill, Miami, FL"
Natalina Beagin,1972-05-07,214-801-1030,"428 Springs Point, Dallas, TX"
Syd Mazdon,1982-01-03,415-854-8389,"4770 Melrose Way, Oakland, CA"
Marne Margerrison,1995-08-26,913-187-6780,"9 Center Park, Shawnee Mission, KS"
Sunny Brissard,1990-07-14,334-376-7071,"818 Bellgrove Park, Birmingham, AL"
Ivan Creddon,1956-10-16,202-362-5976,"1 Farmco Avenue, Washington, DC"
Garrott Sutherns,1982-03-25,520-873-5906,"4293 Nancy Road, Tucson, AZ"
Correy Lount,1993-10-20,303-335-5845,"9682 Hudson Pass, Denver, CO"
Daveta Penrice,1989-03-21,916-402-8307,"70 Briar Crest Lane, Sacramento, CA"
Farleigh Kondratowicz,1968-05-22,202-646-5872,"99 Farmco Place, Washington, DC"
Dennison Hurring,1960-04-22,202-314-1761,"3294 Rigney Trail, Washington, DC"
Coleen O'Brian,1999-03-21,504-382-3135,"9020 Surrey Avenue, New Orleans, LA"
Betteanne Danilovitch,1939-02-23,502-375-5397,"982 Judy Road, Louisville, KY"
Billye Duding,1939-05-06,941-909-8957,"9766 Bay Lane, North Port, FL"
Roman Retchford,1993-10-04,213-376-7864,"692 Gina Pass, North Hollywood, CA"
Dana Margram,1978-03-06,305-536-8118,"30 Tomscot Crossing, Miami, FL"
Gawain Gellier,1998-05-19,909-721-2546,"7 La Follette Place, San Bernardino, CA"
Arel Bickley,1989-09-21,915-885-1170,"9689 Clove Drive, El Paso, TX"
Charisse Burnett,1977-01-20,716-743-2755,"03996 Debs Junction, Buffalo, NY"
Xever Artist,1987-12-18,512-408-4572,"7177 Manley Lane, Austin, TX"
Waly Scase,1972-12-11,713-227-8030,"72 Mariners Cove Lane, Houston, TX"
Rosetta Winpenny,1954-02-04,909-482-6358,"138 Linden Road, Pomona, CA"
Carley Raspel,1980-11-18,213-634-7847,"0869 Merrick Crossing, North Hollywood, CA"
Raf Bofield,1948-12-20,864-721-3013,"48604 Twin Pines Terrace, Anderson, SC"
Ilysa Abbis,1992-10-17,915-460-8170,"48 Colorado Crossing, El Paso, TX"
Thedrick Pavett,1980-09-25,714-726-2997,"63481 Burning Wood Lane, Anaheim, CA"
Elston Kubicki,1955-09-19,334-429-2674,"10700 Dakota Park, Montgomery, AL"
Trixy Hause,1965-05-17,209-561-9059,"4891 Haas Center, Stockton, CA"
Lorrie Crippes,2000-03-13,832-975-2067,"3 Fair Oaks Avenue, Houston, TX"
Olin Sobieski,1968-01-26,713-208-2965,"3877 Redwing Street, Houston, TX"
Whitney McKeeman,1957-11-22,806-654-0020,"5 Eagan Circle, Amarillo, TX"
Dorolisa Lux,1964-10-23,808-699-2144,"397 Sloan Pass, Honolulu, HI"
Iosep McBrearty,1966-11-29,616-786-0526,"2240 Kim Trail, Grand Rapids, MI"
Gigi Stollenberg,1942-03-06,646-719-3206,"3939 Nevada Point, New York City, NY"
Brigit Borg-Bartolo,1976-04-03,202-601-4812,"3069 Roth Drive, Washington, DC"
Delmore Kleinberer,1970-07-01,651-263-7554,"157 Luster Road, Saint Paul, MN"
Ardelle Lawday,1948-04-04,714-766-0561,"568 Washington Trail, Fullerton, CA"
Erminie Pleasants,1949-10-26,512-970-1110,"63 American Terrace, Austin, TX"
Marjorie Medmore,1970-02-24,727-420-8761,"0 Magdeline Lane, Saint Petersburg, FL"
Alecia Fairholme,1965-08-05,480-839-1381,"6735 Marquette Pass, Scottsdale, AZ"
Delaney Duffell,2000-09-01,260-437-5535,"461 Mandrake Hill, Fort Wayne, IN"
Tailor Witz,1990-05-08,626-307-6625,"9 Bayside Junction, Pasadena, CA"
Hal Rasher,1997-08-26,323-806-3410,"377 Express Road, Los Angeles, CA"
Cherey O'Fallone,1968-11-07,210-131-6835,"6 Orin Plaza, San Antonio, TX"
Hamnet Lieb,1971-07-04,502-903-8216,"4 Hallows Circle, Louisville, KY"
Babs Cossons,1941-01-23,240-558-8077,"47 Northfield Terrace, Silver Spring, MD"
Hasty Sharpley,1945-07-24,517-867-8219,"0 Drewry Alley, Lansing, MI"
Adelina Corpe,1995-05-30,717-589-7325,"78203 5th Lane, Harrisburg, PA"
Connie Dalliston,2003-12-27,916-715-9367,"42354 Hermina Plaza, Sacramento, CA"
Gretel Le Strange,1980-06-18,704-938-1714,"39 Scofield Hill, Charlotte, NC"
Verla Searston,1998-08-13,502-839-2425,"1 Eliot Circle, Louisville, KY"
Maridel Muston,1998-06-27,419-315-6818,"2548 Truax Road, Toledo, OH"
Myrwyn Schimek,1983-08-04,661-931-8949,"364 Anderson Street, Bakersfield, CA"
Antoinette Whardley,1994-05-18,813-615-3464,"8 Debs Lane, Tampa, FL"
Patrica Cupper,1991-10-05,915-639-6389,"8567 Springview Road, El Paso, TX"
Peggy Cluse,1965-11-12,770-736-3644,"4 Meadow Ridge Parkway, Atlanta, GA"
Alena Kemery,1974-11-11,202-302-9390,"61341 Washington Circle, Washington, DC"
Siffre Mauser,1956-11-22,559-615-8128,"3301 Mcbride Street, Fresno, CA"
Catlee Forrestor,1998-07-03,205-264-5592,"5977 Cody Alley, Birmingham, AL"
Cal Davidovicz,1980-04-02,209-167-8179,"63994 Hermina Crossing, Modesto, CA"
Charmain Piborn,1975-09-05,626-336-8311,"48600 Packers Point, Corona, CA"
Wilt Sager,1956-10-22,502-784-9333,"331 Continental Alley, Louisville, KY"
Bogart Bramley,1955-08-28,804-638-5884,"88511 Spohn Park, Richmond, VA"
Constantina Stegers,1961-06-28,785-265-4755,"940 Bluejay Avenue, Topeka, KS"
Che Brisson,1948-09-07,551-230-6030,"320 Sauthoff Crossing, Jersey City, NJ"
Jean Budnk,1997-03-24,517-517-4923,"52261 Katie Pass, Lansing, MI"
Sabina Cranefield,1979-06-10,402-134-7536,"0 Schlimgen Junction, Omaha, NE"
Hillary Flacknoe,1946-08-30,708-359-1707,"77 Meadow Vale Terrace, Schaumburg, IL"
Tabby Bille,1985-02-23,405-603-6202,"82643 Fordem Lane, Oklahoma City, OK"
Teresita McNeish,1980-04-14,317-708-0976,"5308 Prentice Alley, Indianapolis, IN"
Cece Labusquiere,1958-02-18,720-464-7973,"78 Monument Trail, Denver, CO"
Cybil Maciocia,1976-10-22,281-369-0301,"781 Katie Junction, Houston, TX"
Alameda Cush,2003-03-08,937-206-5737,"97587 Buhler Terrace, Springfield, OH"
Kipper Cerro,1978-12-13,425-910-0682,"12 Moose Point, Seattle, WA"
Kellsie Robberecht,1985-03-09,860-318-0902,"70 Oakridge Way, Hartford, CT"
Teriann Hein,1947-06-06,248-154-4841,"2421 Scofield Street, Detroit, MI"
Margareta Tees,1976-11-14,334-541-8522,"64 Independence Junction, Montgomery, AL"
Matti Bartholomaus,1959-01-14,973-947-7929,"087 North Avenue, Newark, NJ"
Annie Palfrey,1948-07-12,571-864-8922,"9 Green Ridge Trail, Arlington, VA"
Iolanthe Tupling,1979-01-28,425-331-8818,"20582 Derek Drive, Everett, WA"
Nerte Layton,1970-06-28,303-791-3097,"543 Crescent Oaks Park, Denver, CO"
Romain Gayler,2002-04-22,731-883-3248,"71 Monica Park, Jackson, TN"
Jenni Rogerson,1976-10-15,765-279-2584,"179 Thierer Pass, Muncie, IN"
Libbie Ludwell,1944-12-30,440-313-1850,"077 Arrowood Center, Cleveland, OH"
Rivkah Tuiller,1999-09-27,609-679-8361,"54587 Kennedy Alley, Trenton, NJ"
Minnaminnie Berndsen,1990-05-26,253-204-1769,"067 Comanche Drive, Tacoma, WA"
Rozelle Brass,1988-08-10,404-496-7222,"056 Raven Junction, Alpharetta, GA"
Sheba Scriven,1981-04-05,615-105-7027,"76881 Iowa Trail, Nashville, TN"
Benjamin Baldoni,1959-11-03,812-395-4790,"58 Algoma Avenue, Bloomington, IN"
Kendrick Freiberg,1970-11-26,202-369-5144,"6765 5th Park, Washington, DC"
Ivory Levett,1966-11-24,314-985-6364,"3943 Lakewood Gardens Drive, Saint Louis, MO"
Cyrus Lemerie,1994-03-30,419-328-0363,"3 Burrows Junction, Toledo, OH"
Patrick Chart,1999-06-02,954-178-8670,"85559 Crescent Oaks Crossing, Fort Lauderdale, FL"
Jecho Cale,1984-08-10,402-273-9558,"477 Marcy Crossing, Omaha, NE"
Erv Heintzsch,1970-08-18,843-363-9813,"7 Oriole Center, Myrtle Beach, SC"
Otis Buckler,1960-09-10,248-387-1283,"05957 Caliangt Drive, Detroit, MI"
Shanie Cauldfield,1990-02-17,330-313-6014,"82499 Fordem Drive, Akron, OH"
Leonie Staziker,1964-12-07,801-919-7135,"7173 Kensington Place, Salt Lake City, UT"
Ara Lamkin,1985-02-08,310-165-7902,"24671 Surrey Court, Long Beach, CA"
Gerty Menlove,1958-09-19,786-359-8144,"22 Gulseth Crossing, Miami, FL"
Lea Arnau,1939-04-20,520-140-5043,"0 Jenifer Road, Tucson, AZ"
Stefan Titmus,1988-12-16,405-169-9301,"31285 Saint Paul Junction, Oklahoma City, OK"
Inger Dederich,1963-12-08,205-384-0716,"4272 Atwood Alley, Birmingham, AL"
Lesya Quantick,1975-10-21,209-583-4560,"1 Kinsman Terrace, Stockton, CA"
Felisha Warrier,2003-12-22,253-450-2010,"65 Bay Park, Kent, WA"
Maureene MacPike,1974-05-08,225-453-2352,"24 Schmedeman Alley, Baton Rouge, LA"
Hatty De Antoni,1989-09-29,702-858-1441,"065 1st Crossing, Las Vegas, NV"
Shayne Wanley,1972-09-03,813-760-7347,"8 Northwestern Avenue, Tampa, FL"
Marline Chilley,1970-07-14,202-704-2180,"3747 Butternut Circle, Washington, DC"
Herby Lunn,1999-01-03,408-816-2972,"46 Summer Ridge Plaza, San Jose, CA"
Ursulina Milbourn,1986-08-06,651-602-0134,"5 Crest Line Avenue, Saint Paul, MN"
Daile Parkhouse,1991-04-02,813-508-5570,"10342 Marquette Alley, Tampa, FL"
Gabey Swinford,1980-08-08,714-452-8556,"2 Linden Terrace, Newport Beach, CA"
Georgeanna Henlon,1980-01-06,831-478-6238,"5 Eagle Crest Street, Salinas, CA"
Ag Oldall,2005-01-06,415-109-3291,"331 Emmet Street, San Francisco, CA"
Gunar Paffett,1968-04-17,941-391-7881,"03 Mayfield Junction, North Port, FL"
Monti Kupke,1939-09-04,208-101-4403,"6866 Eastwood Lane, Portland, OR"
Harlie Pohlak,1985-05-27,405-576-1462,"59742 Doe Crossing Court, Oklahoma City, OK"
Cletis Malin,1974-10-20,520-654-7124,"56206 Dovetail Pass, Tucson, AZ"
Boycie Malpas,1992-05-26,253-926-1867,"16367 Menomonie Avenue, Lakewood, WA"
Valeria Boyton,1977-01-02,256-806-2222,"4837 Lukken Point, Huntsville, AL"
Celina McKillop,1961-03-01,757-816-4999,"687 Kinsman Crossing, Virginia Beach, VA"
Elwira Maith,1975-07-26,914-720-0442,"254 Jenna Way, Yonkers, NY"
Yettie Pestor,2004-10-20,765-953-1462,"32 Cascade Park, Lafayette, IN"
Ibby Prati,1981-01-19,352-961-2850,"394 Banding Center, Spring Hill, FL"
Elianora Christophersen,1961-03-15,386-372-8544,"21649 Caliangt Terrace, Daytona Beach, FL"
Zarla Shoulder,1994-01-10,832-127-8562,"5158 Hoard Crossing, Houston, TX"
Dare Hosburn,1978-01-23,208-364-3927,"2 Colorado Circle, Boise, ID"
Bern Toogood,1951-03-13,719-194-5638,"43 Pleasure Place, Colorado Springs, CO"
Lonna Aickin,1982-10-02,562-271-7645,"6 Manitowish Plaza, Long Beach, CA"
Eva Markson,1991-06-12,775-901-2154,"50856 Lillian Lane, Carson City, NV"
Leontine Lidster,2000-11-19,480-299-1752,"9 Anthes Circle, Phoenix, AZ"
Thacher Bowditch,1950-05-13,617-638-2035,"0961 Emmet Center, Boston, MA"
Errol Block,1991-08-09,734-626-8675,"8563 Barby Crossing, Detroit, MI"
Averill Thompsett,1977-05-30,520-612-8678,"3 Golf Course Junction, Tucson, AZ"
Galina Eckly,1974-11-12,770-687-4342,"9924 Barby Drive, Atlanta, GA"
Roch Rosbrough,1954-10-27,602-975-7201,"861 Rieder Plaza, Phoenix, AZ"
Gav Shaw,1963-03-20,909-243-0607,"39760 Burrows Alley, San Bernardino, CA"
Teodoro Patters,1994-07-30,860-433-7882,"34304 Valley Edge Way, Hartford, CT"
Arni Sidlow,2000-04-10,501-485-6942,"7 Summer Ridge Hill, Little Rock, AR"
Andromache MacMaykin,1980-06-07,706-407-6780,"08 Melby Pass, Athens, GA"
Cortney Habbema,1982-07-31,314-252-6021,"442 Summer Ridge Way, Saint Louis, MO"
Helene Benneyworth,1974-12-01,202-918-9678,"8151 Killdeer Parkway, Washington, DC"
Em Scaice,1956-10-13,916-993-2381,"972 Glendale Point, Sacramento, CA"
Pall Spencer,2002-05-13,617-761-0052,"879 Alpine Place, Boston, MA"
Vladimir Fairbank,1995-05-10,214-873-4255,"4147 Larry Center, Dallas, TX"
Elyn Fetteplace,1960-03-14,312-281-7427,"4438 Badeau Place, Chicago, IL"
Laurette Shitliffe,2001-04-30,309-680-2052,"0049 Iowa Lane, Peoria, IL"
Coleen Gorry,1949-11-25,208-639-1869,"128 Comanche Alley, Boise, ID"
Kiley Borit,1983-12-27,608-176-1036,"583 Sherman Park, Madison, WI"
Darda Kibbe,1957-11-27,352-267-1675,"23 Bartelt Lane, Gainesville, FL"
Sydney Jordine,1999-03-14,210-358-8644,"28637 Vidon Plaza, San Antonio, TX"
Tracey Kuschke,1979-05-11,903-993-3937,"5080 Lien Plaza, Tyler, TX"
Jehanna Grigorescu,1957-07-16,734-268-0736,"757 Oak Drive, Dearborn, MI"
Patrica Varnals,1969-03-24,414-379-0419,"20 Dakota Road, Milwaukee, WI"
Eyde Klainman,1996-07-21,702-564-5419,"89725 Pine View Plaza, Las Vegas, NV"
Lauritz Matthius,1993-12-19,804-620-1907,"09898 Mifflin Hill, Richmond, VA"
Irvine Barefoot,1999-11-27,754-623-0408,"5 Anhalt Parkway, Fort Lauderdale, FL"
Noami Mingey,1963-11-04,330-256-8947,"953 Luster Road, Youngstown, OH"
Kellen Jeens,2004-11-29,702-773-5632,"845 Nelson Parkway, Las Vegas, NV"
Faustine Cordle,1977-10-18,816-323-1165,"60597 Center Avenue, Kansas City, MO"
Bax Dixson,1943-03-11,626-657-3454,"89090 Steensland Hill, Pasadena, CA"
Willetta Rymill,2000-03-02,915-251-5974,"57646 Twin Pines Trail, El Paso, TX"
Scarlet Soars,1958-10-15,765-775-0485,"916 Rusk Crossing, Crawfordsville, IN"
Hermia MacEveley,1940-06-13,862-994-6020,"5 Twin Pines Parkway, Newark, NJ"
Dorelia Aronovich,1963-11-26,612-180-2265,"652 Fallview Parkway, Minneapolis, MN"
Nessi Shimuk,1951-02-04,540-867-6617,"74012 Pepper Wood Park, Roanoke, VA"
Chanda Stephens,1991-02-23,907-497-3052,"48384 Veith Terrace, Anchorage, AK"
Colby De Gowe,1972-08-03,302-519-6540,"2 Charing Cross Pass, Newark, DE"
Didi Broadnicke,1984-08-22,386-895-0817,"0 Waubesa Pass, Daytona Beach, FL"
Amil Bevar,2003-08-08,571-923-0505,"8868 Monterey Court, Dulles, VA"
Angela Gabrieli,2002-12-13,973-310-1288,"7804 Bowman Place, Paterson, NJ"
Martynne Ingleby,1968-02-22,972-566-7774,"95 Colorado Alley, Arlington, TX"
Darice Scotchmoor,1940-06-18,215-186-6930,"2381 Lakeland Pass, Philadelphia, PA"
Cosette Pavek,1959-10-27,972-702-4452,"48 Sycamore Pass, Dallas, TX"
Sophie Raggett,1955-08-21,608-757-8455,"1 Boyd Crossing, Madison, WI"
Reese Stripp,1960-02-27,617-357-8760,"0 Fieldstone Trail, Boston, MA"
Traci Vonderdell,1959-07-23,865-945-5538,"04123 Birchwood Road, Knoxville, TN"
Fawne Van Baaren,1980-08-29,502-753-5493,"41944 Butterfield Road, Migrate, KY"
Goober Hopfner,1978-01-30,608-186-0035,"9 Park Meadow Alley, Madison, WI"
Gerti Whittet,1959-11-19,334-252-0719,"4 Stang Street, Montgomery, AL"
Phaedra Risbridge,1949-01-28,334-401-5436,"242 Prairieview Park, Montgomery, AL"
Renie Huntly,1957-04-20,713-721-9161,"25042 Bartelt Crossing, Houston, TX"
Chaddie Shields,1983-06-04,256-612-8686,"4 Bluejay Plaza, Gadsden, AL"
Dorris Gerling,1981-12-10,215-428-6661,"922 Graedel Road, Philadelphia, PA"
Tybi Ponder,1965-11-28,617-666-1802,"1737 Drewry Point, Boston, MA"
Armando Bossingham,1980-09-14,225-459-6815,"933 Almo Circle, Baton Rouge, LA"
Etty Lamerton,1994-04-28,917-893-7752,"6545 Rockefeller Plaza, New York City, NY"
Dasi Moat,1998-01-03,808-836-6547,"10306 Green Ridge Point, Honolulu, HI"
Tabbie Crosscombe,1970-05-08,808-673-6433,"26 Schiller Terrace, Honolulu, HI"
Arther Wilkison,1980-08-27,773-237-2420,"3493 Summerview Way, Chicago, IL"
Mariel Medler,1945-06-03,502-159-0358,"98 Saint Paul Hill, Louisville, KY"
Charlotta Beadell,1947-07-25,727-906-7047,"518 Ridgeview Point, Saint Petersburg, FL"
Shannon Hawes,2005-05-24,704-376-0996,"3816 Hooker Center, Charlotte, NC"
Beverley Pollington,1950-10-12,502-932-9621,"13601 Del Mar Hill, Louisville, KY"
Nikolos Tender,1959-04-08,602-745-4653,"75 Forest Crossing, Mesa, AZ"
Bailey Corrigan,1964-11-09,520-964-0094,"244 Maple Wood Park, Tucson, AZ"
Cesaro Ende,1999-12-18,414-276-8542,"23 La Follette Lane, Milwaukee, WI"
Zechariah Le Surf,1955-04-27,469-337-6548,"98 Jana Junction, Dallas, TX"
Jo-anne Rois,1978-09-19,402-651-4007,"16 Bartillon Alley, Omaha, NE"
Neille Adriaens,1948-10-26,713-479-8694,"01 Manitowish Park, Houston, TX"
Rhea Dye,1995-09-20,206-824-4318,"6 Loftsgordon Center, Tacoma, WA"
Kay Love,1967-03-29,304-440-3057,"5 Lyons Alley, Huntington, WV"
Corbett Jaegar,1970-03-23,785-522-4220,"82 Nobel Hill, Topeka, KS"
Yank Carruthers,1966-09-08,202-216-1813,"6 New Castle Center, Washington, DC"
Hermione Tennant,1984-12-14,919-489-4028,"16 Eliot Trail, Durham, NC"
Henrie Burdikin,1999-12-25,217-447-5891,"90 American Ash Alley, Champaign, IL"
Quintana Gowrie,1959-12-04,862-154-5876,"6398 Delladonna Street, Paterson, NJ"
Pacorro Bearman,1978-11-29,908-100-0001,"48 Westerfield Court, Elizabeth, NJ"
Irvin Rittmeier,1988-05-20,940-932-5911,"089 Sunbrook Place, Wichita Falls, TX"
Averyl Jacquemard,1963-06-11,404-732-4315,"891 Havey Alley, Atlanta, GA"
Jennine Salisbury,1989-06-19,651-668-6705,"0970 Anzinger Parkway, Saint Paul, MN"
Fidelity Aron,1975-12-27,801-486-0468,"60775 Sage Circle, Salt Lake City, UT"
Arlin Poli,1970-12-14,937-825-3896,"381 Lyons Place, Dayton, OH"
Karlotta Matyushenko,1992-07-08,847-963-3548,"47623 Delaware Junction, Chicago, IL"
Marnie D'Antoni,1989-07-26,910-439-3692,"0 Portage Street, Wilmington, NC"
Phylis Kendred,1971-12-07,909-768-8724,"46 Artisan Pass, San Bernardino, CA"
Kirstin Druce,1974-02-27,617-143-8744,"11394 Summerview Parkway, Boston, MA"
Minor Rawle,1992-09-20,325-610-5152,"3 Haas Crossing, Abilene, TX"
Jarvis Marwick,1969-07-30,617-284-8100,"7682 Eliot Trail, Cambridge, MA"
Rakel Wigley,1941-07-29,805-874-1843,"55713 Pond Point, Santa Barbara, CA"
Sheila-kathryn Abthorpe,1987-01-01,323-433-8563,"0 Haas Avenue, Van Nuys, CA"
Stafani Cratchley,1987-06-08,423-103-1820,"47 Westend Drive, Chattanooga, TN"
Chucho Wegener,1971-01-13,918-665-7535,"4 Crowley Lane, Tulsa, OK"
Cairistiona Culver,1987-06-16,847-848-3503,"2413 Washington Hill, Palatine, IL"
Eunice Conrath,1968-08-21,256-744-0291,"57999 Anniversary Terrace, Huntsville, AL"
Adolphe Mapowder,1980-03-31,503-805-2674,"11430 Dryden Street, Portland, OR"
